选国家,澳大利亚:1
选国家,新南威尔士:2
选国家,昆士兰:2
选国家,南澳大利亚:2
选国家,塔斯马尼亚:2
选国家,维多利亚:2
选国家,西澳大利亚:2
选国家,柏斯:2
选国家,奥班尼:2
选国家,布鲁姆:2
选国家,班伯利:2
选国家,费利曼图:2
选国家,杰洛顿:2
选国家,卡古利:2
选国家,曼杜拉:2
选国家,贺德兰港:2
选国家,悉尼:2
选国家,纽卡斯尔:2
选国家,卧龙岗:2
选国家,中海岸:2
选国家,黄金海岸-堤维德岬:2
选国家,堪培拉-昆比恩:2
选国家,奥尔伯里-沃汤加:2
选国家,,诺拉-博马德利:2
选国家,沃加沃加:2
选国家,托雷斯海峡:2　
选国家,凯恩斯:2
选国家,伊萨山:2　
选国家,汤斯维尔:2　
选国家,麦凯:2　
选国家,洛坎普顿:2　
选国家,格列士敦:2　
选国家,朗芮:2　
选国家,查理维尔:2　
选国家,班德堡:2　
选国家,图翁巴:2　
选国家,阳光海岸:2　
选国家,加顿:2　
选国家,布里斯班:2　
选国家,黄金海岸:2
选国家,荷巴特:2
选国家,朗瑟士敦:2
选国家,伯尔尼:2
选国家,德文港:2
选国家,亚瑟港:2
选国家,罗斯:2
选国家,里奇蒙:2
选国家,布鲁尼岛:2
选国家,温格拉斯湾:2
选国家,摇篮山:2
选国家,戈登坝:2
选国家,墨尔本:2
选国家,基隆:2
选国家,奥尔伯里-沃东加:2
选国家,柏拉瑞特:2
选国家,本迪戈:2
选国家,雪帕敦:2
选国家,米尔杜拉:2
选国家,吉普斯兰:2
选国家,菲利普岛:2
选国家,柏斯:2
选国家,奥班尼:2
选国家,布鲁姆:2
选国家,班伯利:2
选国家,费利曼图:2
选国家,杰洛顿:2
选国家,卡古利:2
选国家,曼杜拉:2
选国家,贺德兰港:2
选国家,澳大利亚:1
选学校,悉尼大学:2
选学校,墨尔本大学:2
选学校,新南威尔士大学:2
选学校,莫纳什大学:2
选学校,昆士兰大学:2
选学校,悉尼科技大学:2
选学校,卧龙岗大学:2
选学校,塔斯马尼亚大学:2
选学校,格里菲斯大学:2
选学校,南澳大学:2
选学校,圣母大学:2
选学校,墨尔本皇家理工大学:2
选学校,西悉尼大学:2
选学校,堪培拉大学:2
选学校,拉筹伯大学:2
选学校,邦德大学:2
选学校,科廷科技大学:2
选学校,中央昆士兰大学:2
选学校,西澳大利亚大学:2
选学校,新英格兰大学:2
选学校,莫道克大学:2
选学校,阿得雷德大学:2
选学校,艾迪斯·考文大学:2
选学校,澳大利亚天主教大学:2
选学校,澳洲飞行学院:2
选学校,巴拉洛特大学:2
选学校,北领地大学:2
选学校,查尔斯-斯德特大学:2
选学校,选学校,迪金大学:2
选学校,费林德斯大学:2
选学校,弗兰德大学:2
选学校,国立大学:2
选学校,昆士兰理工大学:2
选学校,麦克里大学:2
选学校,南极星大学:2
选学校,南昆士兰大学:2
选学校,斯运伯恩理工大学:2
选学校,维多利亚科技大学:2
选学校,新堡大学:2
选学校,詹姆斯·库克大学:2
选学校,钮卡斯尔大学:2
选国家,加拿大:1
选国家,阿尔伯塔省:2
选国家,不列颠哥伦比亚省:2
选国家,马尼托巴省:2
选国家,纽芬兰与拉布拉多省:2
选国家,新不伦瑞克省:2
选国家,新斯科舍省:2
选国家,安大略省:2
选国家,爱德华王子岛省:2
选国家,魁北克省:2
选国家,萨斯喀彻温省:2
选国家,艾德蒙顿:4
选国家,卡加利:4
选国家,红鹿市:4
选国家,莱斯布里奇:4
选国家,艾尔德里:4
选国家,圣阿伯特:4
选国家,格兰帕拉利:4
选国家,斯布塞格路夫:4
选国家,维多利亚:4
选国家,基隆拿:4
选国家,阿伯茨福:4
选国家,锦禄:4
选国家,纳奈莫:4
选国家,乔治王子城:4
选国家,智利域:4
选国家,佛农:4
选国家,科特尼:4
选国家,温哥华:4
选国家,素里:4
选国家,本那比:4
选国家,列治文:4
选国家,亚博斯福:4
选国家,高贵林市:4
选国家,珊尼治:4
选国家,基隆拿:4
选国家,渥太华:4
选国家,多伦多:4
选国家,哈密尔顿:4
选国家,京士顿:4
选国家,雷湾:4
选国家,伦敦:4
选国家,,温莎:4
选国家,佩塔瓦沃:4
选国家,下圣劳伦斯:4
选国家,萨格内-圣约翰湖:4
选国家,蒙特利尔:4
选国家,阿比蒂比-蒂米斯坎明格:4
选国家,加拿大:1
选学校,多伦多大学:2
选学校,滑铁卢大学:2
选学校,约克大学:2
选学校,麦吉尔大学:2
选学校,阿尔伯塔大学:2
选学校,维多利亚大学:2
选学校,西安大略大学:2
选学校,英属哥伦比亚大学:2
选学校,渥太华大学:2
选学校,渥太华大学:2
选学校,温莎大学:2
选学校,麦克马斯特大学:2
选学校,卡尔加里大学:2
选学校,布鲁克大学:2
选学校,卡尔顿大学:2
选学校,蒙特利尔大学:2
选学校,萨省大学:2
选学校,圭尔夫大学:2
选学校,康考迪亚大学:2
选学校,里贾纳大学:2
选学校,劳里埃大学:2
选学校,西蒙弗雷泽大学:2
选学校,瑞尔森大学:2
选学校,魁北克大学:2
选学校,女王大学:2
选学校,西三一大学:2
选学校,温尼伯大学:2
选学校,湖首大学:2
选学校,选学校,劳伦森大学:2
选学校,圣托马斯大学:2
选学校,加拿大乔治布朗学院:2
选学校,特伦特大学:2
选学校,纽布伦斯威克大学:2
选学校,北英属哥伦比亚大学:2
选学校,布兰登大学:2
选学校,安省理工大学:2
选学校,加拿大皇家学院:2
选学校,英皇学院:2
选学校,阿尔伯塔艺术和设计学院:2
选学校,阿卡迪亚大学:2
选学校,阿瑟巴斯卡大学:2
选学校,爱德华王子岛大学:2
选学校,爱米莉·卡尔设计学院:2
选学校,安大略省艺术设计学院:2
选学校,百年纪念学院:2
选学校,比舍大学:2
选学校,不列颠海角大学:2
选学校,戴尔豪西大学:2
选学校,选学校,德汉姆学院:2
选学校,菲莎河谷学院:2
选学校,国王学院大学:2
选学校,哈利法克斯:2
选学校,皇家路大学:2
选学校,加里布大学:2
选学校,加拿大奥提根大学学院:2
选学校,加拿大麦基尔大学:2
选学校,加拿大莫霍克学院:2
选学校,加拿大新康电脑学院:2
选学校,加拿大亚伯大学:2
选学校,肯高迪亚大学:2
选学校,魁北克大学赤库特米校区:2
选学校,魁北克大学里姆斯基校区:2
选学校,魁北克大学蒙特利尔校区:2
选学校,选学校,魁北克大学三河校区:2
选学校,魁北克大学乌托艾校区:2
选学校,昆特兰学院:2
选学校,拉瓦尔大学:2
选学校,莱斯布里大学:2
选学校,马拉斯比纳大学:2
选学校,马尼托巴大学:2
选学校,玛那圣宾那大学学院:2
选学校,蒙克顿大学:2
选学校,蒙特爱利森大学:2
选学校,尼比辛大学:2
选学校,纽宾士域大学:2
选学校,纽芬兰纪念大学:2
选学校,派特森学院:2
选学校,萨斯喀彻温大学:2
选学校,圣安娜大学:2
选学校,圣弗郎西斯大学:2
选学校,圣玛莉大学:2
选学校,圣文森山大学:2
选学校,汤姆森河大学:2
选学校,谢布鲁克大学:2
选学校,辛尼加专上专科学院:2
选学校,新斯科舍省CAD大学:2
选学校,新斯科舍省农学院:2
选专业,农业:1
选专业,农业操作:2
选专业,家禽服务:2
选专业,动物训练:2
选专业,宠物美容:2
选专业,马术:2
选专业,马术研究:3
选专业,标本制作/剥制师:2
选专业,农产品加工:2
选专业,农业贸易及管理:2
选专业,农业企业/农业业务操作:2
选专业,农业贸易及管理:2
选专业,农业贸易技术:2
选专业,农业经济:2
选专业,农业/农场供给零售及批发:2
选专业,农场/农场和牧场管理:2
选专业,农业机械化:2
选专业,农业机械和设备/机器技术:2
选专业,农业机械化:2
选专业,农业动力机械操作:2
选专业,农业生产操作:2
选专业,农业生产操作:2
选专业,农业生态学和可持续农业:2
选专业,动物/畜牧业生产:2
选专业,水产养殖:2
选专业,种植业:2
选专业,奶牛饲养与生产:2
选专业,养马/马科学和管理:2
选专业,葡萄种植与葡萄酒学:2
选专业,农业公共服务:2
选专业,农业推广教育服务:2
选专业,农业通信/新闻:2
选专业,动物科学:2
选专业,农业动物育种:2
选专业,动物健康:2
选专业,动物营养:2
选专业,动物科学:2
选专业,乳牛学:2
选专业,家畜管理:2
选专业,家禽学:2
选专业,应用园艺和园艺业务服务:2
选专业,应用园艺/园艺操作:2
选专业,花卉栽培/花艺运营和管理:2
选专业,温室经营管理:2
选专业,景观美化:2
选专业,观赏园艺学:2
选专业,苗圃经营管理:2
选专业,草坪管理:2
选专业,食物科学及技术:2
选专业,食物科学:2
选专业,食物科技与加工:2
选专业,国际农业:2
选专业,国际农业:2
选专业,植物科学:2
选专业,农业和园艺植物育种:2
选专业,农艺学及作物科学:2
选专业,园艺科学:2
选专业,植物保护和综合病虫害管理:2
选专业,植物科学:2
选专业,草原科学及管理:2
选专业,土壤学:2
选专业,土壤化学:2
选专业,土壤微生物学:2
选专业,土壤科学与农学:2
选专业,Agriculture/ Agriculture Operations/ and Related Sciences:2
选专业,Agricultural and Domestic Animal Services:2
选专业,Animanl Training:2
选专业,dog/pet/animal Grooming:2
选专业,Equestrian /Equine Study:2
选专业,Taxidermy /Taxidermist:2
选专业,Agricultural and Food Products Processing:2
选专业,Agricultural and Food Products Processing:2
选专业,Agricultural Business and Management:2
选专业,Agribusiness/Agricultural Business Operations:2
选专业,Agricultural Business and Management:2
选专业,Agricultural Business Technology:2
选专业,Agricultural Economics:2
选专业,Agricultural/Farm Supplies Retailing and Wholesaling:2
选专业,Farm/Farm and Ranch Management:2
选专业,Agricultural Mechanization:2
选专业,Agricultural Mechanics and Equipment/Machine Technology:2
选专业,Agricultural Mechanization:2
选专业,Agricultural Power Machinery Operation:2
选专业,Agricultural Production Operations:2
选专业,Agricultural Production Operations:2
选专业,Agroecology and Sustainable Agriculture:2
选专业,Animal/Livestock Husbandry and Production:2
选专业,Aquaculture:2
选专业,Crop Production:2
选专业,Dairy Husbandry and Production:2
选专业,Horse Husbandry/Equine Science and Management:2
选专业,Viticulture and Enology:2
选专业,Agricultural Public Services:2
选专业,Agricultural and Extension Education Services:2
选专业,Agricultural Communication/Journalism:2
选专业,Animal Sciences:2
选专业,Agricultural Animal Breeding:2
选专业,Animal Health:2
选专业,Animal Nutrition:2
选专业,Animal Sciences:2
选专业,Dairy Science:2
选专业,Livestock Management:2
选专业,Poultry Science:2
选专业,Applied Horticulture and Horticultural Business Services:2
选专业,Applied Horticulture/Horticulture Operations:2
选专业,Floriculture/Floristry Operations and Management:2
选专业,Greenhouse Operations and Management:2
选专业,Landscaping and Groundskeeping:2
选专业,Ornamental Horticulture:2
选专业,Plant Nursery Operations and Management:2
选专业,Turf and Turfgrass Management:2
选专业,Food Science and Technology:2
选专业,Food Science:2
选专业,Food Technology and Processing:2
选专业,International Agriculture:2
选专业,International Agriculture:2
选专业,Plant Sciences:2
选专业,Agricultural and Horticultural Plant Breeding:2
选专业,Agronomy and Crop Science:2
选专业,Horticultural Science:2
选专业,Plant Protection and Integrated Pest Management:2
选专业,Plant Sciences:2
选专业,Range Science and Management:2
选专业,Soil Sciences:2
选专业,Soil Chemistry and Physics:2
选专业,Soil Microbiology:2
选专业,Soil Science and Agronomy:2
选国家,英国:1
选国家,英格兰:2
选国家,,苏格兰:2
选国家,威尔士:2
选国家,北爱尔兰:2
选国家,大曼彻斯特:3
选国家,默西赛德郡:3
选国家,南约克郡:3
选国家,泰恩韦尔:3
选国家,西米德兰兹:3
选国家,西约克郡:3
选国家,埃文:3
选国家,贝德福德郡:3
选国家,伯克郡:3
选国家,白金汉郡:3
选国家,剑桥郡:3
选国家,柴郡:3
选国家,克利兰夫郡:3
选国家,康沃尔:3
选国家,埃布里亚郡:3
选国家,德比郡:3
选国家,德文郡:3
选国家,多塞特:3
选国家,达勒姆:3
选国家,东萨塞克斯郡:3
选国家,埃塞克斯:3
选国家,格洛斯特郡:3
选国家,汉普郡:3
选国家,赫里福伍斯特:3
选国家,赫特福德郡:3
选国家,亨伯赛德郡:3
选国家,怀特岛:3
选国家,肯特:3
选国家,兰开夏郡:3
选国家,莱斯特郡:3
选国家,林肯郡:3
选国家,诺福克:3
选国家,北约克郡:3
选国家,北安普敦郡:3
选国家,诺森伯兰郡:3
选国家,诺丁汉郡:3
选国家,萨默塞特:3
选国家,斯塔福德郡:3
选国家,萨福克:3
选国家,萨里:3
选国家,沃里克郡:3
选国家,西萨塞克斯郡:3
选国家,威尔特郡:3
选国家,威尔士:3
选国家,克卢伊德:3
选国家,迪费德:3
选国家,格温特:3
选国家,圭内特:3
选国家,中格拉摩根:3
选国家,波伊斯:3
选国家,南格拉摩根:3
选国家,西格拉摩根:3
选国家,安特里姆郡:3
选国家,阿尔马郡:3
选国家,道恩郡:3
选国家,弗马纳郡:3
选国家,伦敦德里:3
选国家,蒂龙:3
选国家,牛津郡:3
选国家,什罗普郡:3
选国家,印弗克莱德:3
选国家,伦弗鲁郡:3
选国家,西丹巴顿郡:3
选国家,东丹巴顿郡:3
选国家,格拉斯哥市:3
选国家,东伦弗鲁郡:3
选国家,北拉纳克郡:3
选国家,弗尔柯克:3
选国家,西洛锡安:3
选国家,爱丁堡:3
选国家,中洛锡安:3
选国家,东洛锡安:3
选国家,克拉克曼南郡:3
选国家,法夫:3
选国家,邓迪:3
选国家,安格斯:3
选国家,阿伯丁郡:3
选国家,莫瑞:3
选国家,高地:3
选国家,埃利安锡尔:3
选国家,阿盖尔-比特:3
选国家,珀斯-金罗斯:3
选国家,史特灵:3
选国家,北艾尔郡:3
选国家,东艾尔郡:3
选国家,南艾尔郡:3
选国家,丹弗里斯-加洛韦:3
选国家,南拉纳克郡:3
选国家,英国:1
选学校,剑桥大学:2
选学校,牛津大学:2
选学校,诺丁汉大学:2
选学校,爱丁堡大学:2
选学校,曼彻斯特大学:2
选学校,利物浦大学:2
选学校,谢菲尔德大学:2
选学校,格拉斯哥大学:2
选学校,纽卡斯尔大学:2
选学校,约克大学:2
选学校,伯明翰大学:2
选学校,华威大学:2
选学校,南安普顿大学:2
选学校,利兹大学:2
选学校,杜伦大学:2
选学校,巴斯大学:2
选学校,伦敦政治经济学院:2
选学校,莱斯特大学:2
选学校,布里斯托大学:2
选学校,伦敦大学学院:2
选学校,兰卡斯特大学:2
选学校,拉夫堡大学:2
选学校,伦敦艺术大学:2
选学校,考文垂大学:2
选学校,萨里大学:2
选学校,圣安德鲁斯大学:2
选学校,埃克塞特大学:2
选学校,帝国理工学院:2
选学校,雷丁大学:2
选学校,赫尔大学:2
选学校,伦敦大学国王学院:2
选学校,桑德兰大学:2
选学校,诺森比亚大学:2
选学校,林肯大学:2
选学校,伦敦城市大学:2
选学校,埃塞克斯大学:2
选学校,牛津布鲁克斯大学:2
选学校,哈德斯菲尔德大学:2
选学校,肯特大学:2
选学校,邓迪大学:2
选学校,斯特林大学:2
选学校,威斯敏斯特大学:2
选学校,斯旺西大学:2
选学校,伯明翰城市大学:2
选学校,坎特伯雷大学:2
选学校,赫特福德大学:2
选学校,北安普顿大学:2
选学校,普利茅斯大学:2
选学校,布鲁内尔大学:2
选学校,朴茨茅斯大学:2
选学校,格林威治大学:2
选学校,中央兰开夏大学:2
选学校,德蒙福特大学:2
选学校,东英吉利大学:2
选学校,基尔大学:2
选学校,班戈大学:2
选学校,诺丁汉特伦特大学:2
选学校,阿伯丁大学:2
选学校,温切斯特大学:2
选学校,阿斯顿大学:2
选学校,龙比亚大学:2
选学校,西英格兰大学:2
选学校,布拉德福德大学:2
选学校,伯恩茅斯大学:2
选学校,伦敦大学玛丽女王学院:2
选学校,贝尔法斯特女王大学:2
选学校,布莱顿大学:2
选学校,伦敦大学皇家霍洛威学院:2
选学校,格拉摩根大学:2
选学校,金斯顿大学:2
选学校,伦敦大学亚非学院:2
选学校,萨塞克斯大学:2
选学校,东伦敦大学:2
选学校,曼彻斯特城市大学:2
选学校,白金汉大学:2
选学校,伍斯特大学:2
选学校,伦敦南岸大学:2
选学校,贝德福德大学:2
选学校,切斯特大学:2
选学校,谢菲尔德哈莱姆大学:2
选学校,金史密斯学院:2
选学校,西苏格兰大学:2
选学校,约克圣约翰大学:2
选学校,利物浦约翰摩尔斯大学:2
选学校,罗汉普顿大学:2
选学校,利兹城市大学:2
选学校,西伦敦大学:2
选学校,伦敦都市大学:2
选学校,选学校,巴斯斯巴大学:2
选学校,创意艺术大学:2
选学校,南安普顿索伦特大学:2
选学校,奇切斯特大学:2
选学校,萨尔福大学:2
选学校,斯凯莱德大学:2
选学校,卡地夫大学:2
选学校,阿伯斯威大学:2
选学校,阿伯泰邓迪大学:2
选学校,阿尔斯特大学:2
选学校,艾吉希尔大学:2
选学校,安格里亚鲁斯金大学:2
选学校,波尔顿大学:2
选学校,德比大学:2
选学校,蒂赛德大学:2
选学校,杜汉姆大学:2
选学校,哥比亚大学:2
选学校,格拉斯哥喀里多尼亚大学:2
选学校,格林多大学:2
选学校,格罗斯特大学:2
选学校,赫瑞·瓦特大学:2
选学校,罗伯特高登大学:2
选学校,玛格丽特女王大学:2
选学校,米德塞斯大学:2
选学校,纽波特大学:2
选学校,斯塔福德大学:2
选学校,威尔士大学卡地夫学院:2
选学校,威尔士大学三一圣大卫学院:2
选学校,新白金汉大学:2
选学校,英国高地与岛屿大学:2
选国家,美国:1
选国家,阿拉巴马州:2
选国家,阿拉斯加州:2
选国家,亚利桑那州:2
选国家,阿肯色州:2
选国家,加利福尼亚州:2
选国家,科罗拉多州:2
选国家,康涅狄格州:2
选国家,特拉华州:2
选国家,佛罗里达州:2
选国家,乔治亚州:2
选国家,夏威夷:2
选国家,爱达荷州:2
选国家,伊利诺斯州:2
选国家,印第安纳州:2
选国家,爱荷华州:2
选国家,堪萨斯州:2
选国家,肯塔基州:2
选国家,路易斯安那州:2
选国家,缅因州:2
选国家,马里兰州:2
选国家,马萨诸塞州:2
选国家,密歇根州:2
选国家,明尼苏达州:2
选国家,密西西比州:2
选国家,密苏里州:2
选国家,蒙大拿州:2
选国家,内布拉斯加州:2
选国家,内华达州:2
选国家,新罕布什尔州:2
选国家,新泽西州:2
选国家,新墨西哥州:2
选国家,纽约州:2
选国家,北卡罗来纳州:2
选国家,北达科他州:2
选国家,俄亥俄州:2
选国家,俄克拉荷马州:2
选国家,俄勒冈州:2
选国家,宾夕法尼亚州:2
选国家,罗得岛州:2
选国家,南卡罗来纳州:2
选国家,南达科他州:2
选国家,田纳西州:2
选国家,得克萨斯州:2
选国家,犹他州:2
选国家,佛蒙特州:2
选国家,弗吉尼亚州:2
选国家,华盛顿州:2
选国家,西弗吉尼亚州:2
选国家,威斯康辛州:2
选国家,怀俄明州:2
选国家,蒙哥马利:4
选国家,朱诺:4
选国家,凤凰城:4
选国家,小石城:4
选国家,萨克拉门托:4
选国家,丹佛:4
选国家,哈特福德:4
选国家,多佛:4
选国家,塔拉哈西:4
选国家,亚特兰大:4
选国家,檀香山:4
选国家,火努鲁鲁:4
选国家,博伊西:4
选国家,斯普林菲尔德:4
选国家,印第安纳波利斯:4
选国家,得梅因:4
选国家,托皮卡:4
选国家,法兰克福:4
选国家,巴吞鲁日:4
选国家,奥古斯塔:4
选国家,安纳波利斯:4
选国家,波士顿:4
选国家,兰辛:4
选国家,圣保罗:4
选国家,杰克逊:4
选国家,杰斐逊城:4
选国家,海伦娜:4
选国家,林肯:4
选国家,卡森城:4
选国家,康科德:4
选国家,特伦顿:4
选国家,圣菲:4
选国家,奥尔巴尼:4
选国家,纳罗利:4
选国家,俾斯麦:4
选国家,哥伦布:4
选国家,俄克拉何马城:4
选国家,塞勒姆:4
选国家,哈里斯堡:4
选国家,普罗维登斯:4
选国家,哥伦比亚:4
选国家,皮尔:4
选国家,纳什维尔:4
选国家,奥斯汀:4
选国家,盐湖城:4
选国家,蒙彼利埃:4
选国家,里士满:4
选国家,奥林匹亚:4
选国家,查尔斯顿:4
选国家,麦迪逊:4
选国家,夏延:4
选国家,美国:1
选学校,哈佛大学:2
选学校,哥伦比亚大学:2
选学校,耶鲁大学:2
选学校,斯坦福大学:2
选学校,麻省理工学院:2
选学校,纽约大学:2
选学校,普林斯顿大学:2
选学校,宾夕法尼亚大学:2
选学校,华盛顿大学:2
选学校,加州大学伯克利分校:2
选学校,普渡大学:2
选学校,康奈尔大学:2
选学校,杜克大学:2
选学校,南加州大学:2
选学校,美国大学:2
选学校,波士顿大学:2
选学校,加州理工学院:2
选学校,芝加哥大学:2
选学校,俄亥俄州立大学:2
选学校,密歇根州立大学:2
选学校,加州大学:2
选学校,雪城大学:2
选学校,加州大学洛杉矶分校:2
选学校,约翰·霍普金斯大学:2
选学校,亚利桑那州立大学:2
选学校,西北大学:2
选学校,伊利诺伊大学-香槟分校:2
选学校,马里兰大学:2
选学校,匹兹堡大学:2
选学校,布朗大学:2
选学校,佛罗里达大学:2
选学校,明尼苏达大学:2
选学校,美国东北大学:2
选学校,布里斯托学院:2
选学校,亚利桑那大学:2
选学校,迈阿密大学:2
选学校,弗吉尼亚大学:2
选学校,弗吉尼亚大学:2
选学校,弗吉尼亚理工大学:2
选学校,爱荷华大学:2
选学校,印第安纳大学:2
选学校,俄勒冈大学:2
选学校,乔治华盛顿大学:2
选学校,杜兰大学:2
选学校,渥太华大学:2
选学校,三一学院:2
选学校,加州大学欧文分校:2
选学校,肯特州立大学:2
选学校,宾州州立大学:2
选学校,爱荷华州立大学:2
选学校,俄勒冈州立大学:2
选学校,莱斯大学:2
选学校,纽约州立大学:2
选学校,堪萨斯大学:2
选学校,密苏里大学:2
选学校,达特茅斯学院:2
选学校,卡耐基梅隆大学:2
选学校,辛辛那提大学:2
选学校,旧金山大学:2
选学校,南方大学:2
选学校,圣约翰大学:2
选学校,丹佛大学：2
选学校,凯斯西储大学:2
选学校,特拉华大学:2
选学校,华盛顿州立大学:2
选学校,埃默里大学:2
选学校,康涅狄格大学:2
选学校,乔治梅森大学:2
选学校,乔治梅森大学:2
选学校,圣母大学:2
选学校,犹他大学:2
选学校,肯塔基大学:2
选学校,威廉玛丽学院:2
选学校,阿拉巴马大学:2
选学校,波特兰州立大学:2
选学校,奥本大学:2
选学校,巴特勒大学:2
选学校,德州大学:2
选学校,乔治亚州立大学:2
选学校,新泽西理工学院:2
选学校,北卡罗来纳大学教堂山分校:2
选学校,桑德兰大学:2
选学校,佛罗里达州立大学:2
选学校,田纳西大学:2
选学校,德州农工大学:2
选学校,科罗拉多州立大学:2
选学校,休斯顿大学:2
选学校,范德堡大学:2
选学校,芝加哥洛约拉大学:2
选学校,俄克拉荷马大学:2
选学校,明尼苏达州立大学:2
选学校,田纳西州立大学:2
选学校,杨百翰大学:2
选学校,福特汉姆大学:2
选学校,纽约州立大学石溪分校:2
选学校,波士顿学院:2
选学校,俄亥俄大学:2
选学校,堪萨斯州立大学:2
选学校,达拉斯大学:2
选学校,圣路易斯大学:2
选学校,罗德岛设计学院:2
选学校,夏威夷大学:2
选学校,克莱姆森大学:2
选学校,乔治亚大学:2
选学校,芝加哥艺术学院:2
选学校,科罗拉多大学:2
选学校,克拉克大学:2
选学校,圣地亚哥大学:2
选学校,密西根州立大学:2
选学校,罗彻斯特大学:2
选学校,维克森林大学:2
选学校,德雷塞尔大学:2
选学校,加州州立大学:2
选学校,西雅图大学:2
选学校,旧金山州立大学:2
选学校,马凯特大学:2
选学校,戴顿大学:2
选学校,新罕布什尔大学:2
选学校,南佛罗里达大学:2
选学校,波特兰大学:2
选学校,威斯康辛大学:2
选学校,贝勒大学:2
选学校,佛罗里达国际大学:2
选学校,密西西比大学:2
选学校,乔治敦大学:2
选学校,塔尔萨大学:2
选学校,纽约州立大学宾汉姆顿大学:2
选学校,德克萨斯大学达拉斯分校:2
选学校,西弗吉尼亚大学:2
选学校,阿肯色大学:2
选学校,密歇根理工大学:2
选学校,犹他州立大学:2
选学校,城市大学:2
选学校,纽约大学理工学院:2
选学校,俄克拉荷马州立大学:2
选学校,卡尔顿学院:2
选学校,南卡罗来纳大学:2
选学校,南卫理公会大学:2
选学校,阿肯色州立大学:2
选学校,纽黑文大学:2
选学校,塔夫茨大学:2
选学校,爱达荷大学:2
选学校,佛蒙特大学:2
选学校,新英格兰大学:2
选学校,宾州大学:2
选学校,怀俄明大学:2
选学校,史密斯学院:2
选国家,美国:1
选学校,哈佛大学:2
选学校,Harvard University:2
选国家,英国:2
选学校,剑桥大学:2
选学校,University of Cambridge:2
选国家,美国:1
选学校,耶鲁大学:2
选学校,Yale University:2
选国家,英国:2
选学校,伦敦大学学院:2
选学校,UCL:2
选学校,University College London:2
选国家,英国:1
选学校,伦敦帝国理工学院:2
选学校,Imperial College London:2
选国家,英国:1
选学校,牛津大学:2
选学校,University of Oxford:2
选国家,美国:1
选学校,芝加哥大学:2
选学校,University of Chicago:2
选国家,美国:1
选学校,普林斯顿大学:2
选学校,Princeton University:2
选国家,美国:1
选学校,麻省理工大学:2
选学校,Massachusetts Institute of Technology:2
选国家,美国:1
选学校,加州理工大学:2
选学校,California Institute of Technology:2
选国家,美国:1
选学校,哥伦比亚大学
选学校,Columbia University:2
选国家,美国:1
选学校,宾夕法尼亚大学:2
选学校,University of Pennsylvania:2
选国家,美国:1
选学校,约翰斯霍普金斯大学:2
选学校,Johns Hopkins University:2
选国家,美国:1
选学校,杜克大学:2
选学校,Duke University:2
选国家,美国:1
选学校,康奈尔大学:2
选学校,Cornell University:2
选国家,美国:1
选学校,斯坦福大学:2
选学校,Stanford University:2
选国家,澳大利亚:2
选学校,澳大利亚国立大学:2
选学校,Australian National University:2
选国家,加拿大:1
选学校,麦吉尔大学:2
选学校,McGill University:2
选国家,美国:1
选学校,密西根大学:2
选学校,University of Michigan:2
选国家,英国:1
选学校,爱丁堡大学:2
选学校,University of Edinburgh:2
选国家,瑞士:1
选学校,苏黎世联邦理工学院:2
选学校,ETH Zurich:2
选学校,Swiss Federal Institute of Technology:2
选国家,日本:1
选学校,东京大学:2
选学校,University of Tokyo:2
选国家,英国:1
选学校,伦敦国王学院:2
选学校,Kings College London:2
选国家,中国:1
选学校,香港大学:2
选学校,University of Hong Kong:2
选国家,日本:1
选学校,京都大学:2
选学校,Kyoto University:2

移民,投资移民:1
移民,技术移民移民:2
移民,移民澳大利亚:2
移民,投资移民澳大利亚:2
移民,澳大利亚技术移民:2
移民,澳大利亚的条件:3
移民,澳大利亚的费用:3
移民,澳大利亚的好处:3
移民,澳大利亚的流程:3
移民,澳大利亚雇主担保:3
移民,澳大利亚技术移民清单:3
移民,澳大利亚技术移民打分系统:3
移民,澳大利亚技术移民案例:3
移民,澳大利亚技术移民政策:3
移民,澳大利亚投资移民政策:3
移民,澳大利亚技术移民费用:3
移民,澳大利亚技术移民职业:3
移民,澳大利亚移民局:3
移民,澳大利亚技术移民绿卡:3
移民,澳大利亚技术移民清单:3
移民,澳大利亚技术移民签证:3
移民,澳大利亚技术移民邀请函:3

移民,美国:1
移民,投资移民美国:2
移民,技术移民美国:2
移民,美国永久居民卡:3
移民,美国技术移民:2
移民,美国的条件:3
移民,美国的费用:3
移民,美国的好处:3
移民,美国的流程:3
移民,美国雇主担保:3
移民,美国技术移民清单:3
移民,美国技术移民打分系统:3
移民,美国技术移民案例:3
移民,美国技术移民政策:3
移民,美国投资移民政策:3
移民,美国技术移民费用:3
移民,美国技术移民职业:3
移民,美国移民局:3
移民,美国技术移民绿卡:3
移民,美国技术移民清单:3
移民,美国技术移民签证:3
移民,美国技术移民邀请函:3
移民,投资移民美国中介排名:3
移民,美国的途径:3


移民,加拿大:1
移民,投资移民加拿大:2
移民,技术移民加拿大:2
移民,加拿大永久居民卡:3
移民,加拿大技术移民:3
移民,加拿大的条件:3
移民,加拿大的费用:3
移民,加拿大的好处:3
移民,加拿大的流程:3
移民,加拿大雇主担保:3
移民,加拿大技术移民清单:3
移民,加拿大技术移民打分系统:3
移民,加拿大技术移民案例:3
移民,加拿大技术移民政策:3
移民,加拿大投资移民政策:3
移民,加拿大技术移民费用:3
移民,加拿大技术移民职:3
移民,加拿大移民局:3
移民,加拿大技术移民绿卡:3
移民,加拿大技术移民清单:3
移民,加拿大技术移民签证:3
移民,加拿大技术移民邀请函:3
移民,投资移民加拿大中介排名:3
移民,加拿大的途径:3
移民,加拿大利弊:3
移民,加拿大方法:3


移民,英国:1
移民,投资移民英国:2
移民,技术移民英国:2
移民,英国永久居民卡:3
移民,英国技术移民:2
移民,英国的条件:3
移民,英国的费用:3
移民,英国的好处:3
移民,英国的流程:3
移民,英国雇主担保:3
移民,英国技术移民清单:3
移民,英国技术移民打分系统:3
移民,英国技术移民案例:3
移民,英国技术移民政策:3
移民,英国投资移民政策:3
移民,英国技术移民费用:3
移民,英国技术移民职业:3
移民,英国移民局:3
移民,英国技术移民绿卡:3
移民,英国技术移民清单:3
移民,英国技术移民签证:3
移民,英国技术移民邀请函:3
移民,投资移民英国中介排名:3
移民,移民英国的途径:3
移民,英国利弊:3
移民,英国方法:3

准备材料,学历证明:1
准备材料,毕业证书:2
准备材料,初中毕业证书:3
准备材料,高中毕业证书:3
准备材料,大专毕业证书:3
准备材料,本科毕业证书:3
准备材料,学士学位毕业证书:3
准备材料,研究生毕业证书:3
准备材料,硕士毕业证书:3
准备材料,最高学历证明:1
准备材料,证明学籍:2
准备材料,在读证明:2
准备材料,成绩单:1
准备材料,课程成绩:2
准备材料,平均分:2
准备材料,学分:2
准备材料,年级排名:2
准备材料,学院排名:2
准备材料,个人陈述:1
准备材料,学习经历:2
准备材料,所学课程:2
准备材料,专业思考:2
准备材料,行业思考:2
准备材料,申请原因:2
准备材料,留学意图:2
准备材料,留学目的:2
准备材料,学习计划:1
准备材料,学习经历:2
准备材料,学习方向:2
准备材料,课程设置:2
准备材料,职业规划:2
准备材料,发展方向:2
准备材料,职业定位:2
准备材料,职业展望:2
准备材料,推荐信:1
准备材料,老师推荐信:2
准备材料,与被推荐人关系:3
准备材料,教授推荐信:2
准备材料,写推荐信原因:3
准备材料,工作单位推荐信:2
准备材料,被推荐人学习表现:3
准备材料,院系主任推荐信:2
准备材料,被推荐人工作表现:3
准备材料,校长推荐信:2
准备材料,被推荐人综合能力:3
准备材料,行业专家推荐信:2
准备材料,被推荐人个人品行:3
准备材料,单位负责人推荐信:2
准备材料,被推荐人发展前景:3
准备材料,语言能力证明材料:1
准备材料,雅思:2
准备材料,IELTS:2
准备材料,托福:2
准备材料,TOEFL:2
准备材料,剑桥商务英语:2
准备材料,BEC:2
准备材料,德福
准备材料,TESTDAF:2
准备材料,法语水平考试:2
准备材料,TRF:2
准备材料,西班牙水平考试:2
准备材料,DELE:2
准备材料,韩国语能力考试:2
准备材料,KLPT:2
准备材料,日本语能力考试:2
准备材料,JLPT:2
准备材料,意大利语水平考试:2
准备材料,PLIDA:2
准备材料,俄语国家水平考试:2
准备材料,其他辅助材料:2
准备材料,短文:3
准备材料,ESSAY:3
准备材料,计划书:3
准备材料,PROPODAL:3
准备材料,相关获奖证书:3

申请,申请要求:1
申请,英语授课国家:2
申请,入学条件:2
申请,本科托福65分以上:3
申请,雅思6.0分以上:3
申请,研究生托福80分以上:3
申请,雅思6.5分以上:3
申请,申请要求：1
申请,非英语授课国家:2
申请,法国:3
申请,DELF B2:4
申请,DALF C1:4
申请,C2的水平:4
申请,德国:3
申请,DSH考试:4
申请,DSH2级:4
申请,意大利:3
申请,A2:4
申请,CILS A2:4
申请,CELI1:4
申请,PLIDA A2:4
申请,日本:3
申请,日语二级:4
申请,J.TES准B级:4
申请,韩国：3
申请,KPT三级:4
申请,俄罗斯:3
申请,俄语一级:4
申请,申请人:1
申请,综合素质:2
申请:能力要求:2
申请,学生特长:3
申请,社会活动:3
申请,申请时间:1
申请,秋季入学:2
申请,春季入学:2
申请,申请材料:1
申请,院校排名:1
申请,学校师资:2
申请,毕业生就业情况:2
申请,国际留学生占比:2
申请,所在地治安状况:2
申请,与我国政治关系:2
申请,有无种族歧视:2
申请,专业排名:1

签证,签证预约:1
签证,签证办理流程:1
签证,签证资料:1
签证,签证政策:1
签证,签证状态:1
签证,签证系统:1
签证,签证费:1
签证,面签:1
签证,非面签:1
签证,签证续签:1
签证,签证批准:1
签证,签证被拒:1
签证,签证递交:1
签证,签证返签:1
签证,护照:2
签证,照片:2
签证,邮寄申请:1
签证,资金证明:2
签证,体检报告:2
签证,个人简历:2
签证,签证申请表:2
签证,学校申请表	:2
签证,家庭成员表	:2
签证,身份证复印件:2
签证,语言成绩:2
签证,资金证明:2
签证,户口本:2
签证,学历证明:2
签证,公证书:2
签证,办理国家:1
签证,美国签证:2
签证,F-1:3
签证,I-20表格:4
签证,J-1:3
签证,D—160表:4
签证,M-1:3
签证,英国签证:2
签证,普通学生签证:3
签证,访问学者签证:3
签证,加拿大签证:2
签证,加拿大留学签证:3
签证,SPP计划:3
签证,Student Partners Program:4
签证,中加国际学生合作计划：4
签证,SDS计划:3
签证,tudy Direct Stream:4
签证,学习直入计划:4
签证,澳大利亚签证:2
签证,570签证:3
签证,571签证:3
签证,572签证:3
签证,573签证:3
签证,574签证:3
签证,575签证:3
签证,新西兰签证:2
签证,访问学生签证:3
签证,普通学生签证:3
签证,交换生签证:3
签证,法国签证:2
签证,长期签证:3
签证,短期签证:3
签证,学生应试签证:3
签证,德国签证:2
签证,德国纯语言签证:3
签证,德国语言加留学签证:3
签证,德国留学签证:3
签证,新加坡签证:2
签证,入境签证:3
签证,学生准证:3
签证,韩国签证:2
签证,C-3签证:3
签证,短期综合签证:3
签证,D-2签证:3
签证,长期留学签证:3
签证,日本签证:2
签证,C-3:3
签证,D-4:3
签证,D-2:3


准备材料,学历证明:1
准备材料,毕业证书:2
准备材料,初中毕业证书:3
准备材料,高中毕业证书:3
准备材料,大专毕业证书:3
准备材料,本科毕业证书:3
准备材料,学士学位毕业证书:3
准备材料,研究生毕业证书:3
准备材料,硕士毕业证书:3
准备材料,最高学历证明:1
准备材料,证明学籍:2
准备材料,在读证明:2
准备材料,成绩单:1
准备材料,课程成绩:2
准备材料,平均分:2
准备材料,学分:2
准备材料,年级排名:2
准备材料,学院排名:2
准备材料,个人陈述:1
准备材料,学习经历:2
准备材料,所学课程:2
准备材料,专业思考:2
准备材料,行业思考:2
准备材料,申请原因:2
准备材料,留学意图:2
准备材料,留学目的:2
准备材料,学习计划:1
准备材料,学习经历:2
准备材料,学习方向:2
准备材料,课程设置:2
准备材料,职业规划:2
准备材料,发展方向:2
准备材料,职业定位:2
准备材料,职业展望:2
准备材料,推荐信:1
准备材料,老师推荐信:2
准备材料,与被推荐人关系:3
准备材料,教授推荐信:2
准备材料,写推荐信原因:3
准备材料,工作单位推荐信:2
准备材料,被推荐人学习表现:3
准备材料,院系主任推荐信:2
准备材料,被推荐人工作表现:3
准备材料,校长推荐信:2
准备材料,被推荐人综合能力:3
准备材料,行业专家推荐信:2
准备材料,被推荐人个人品行:3
准备材料,单位负责人推荐信:2
准备材料,被推荐人发展前景:3
准备材料,语言能力证明材料:1
准备材料,雅思:2
准备材料,IELTS:2
准备材料,托福:2
准备材料,TOEFL:2
准备材料,剑桥商务英语:2
准备材料,BEC:2
准备材料,德福
准备材料,TESTDAF:2
准备材料,法语水平考试:2
准备材料,TRF:2
准备材料,西班牙水平考试:2
准备材料,DELE:2
准备材料,韩国语能力考试:2
准备材料,KLPT:2
准备材料,日本语能力考试:2
准备材料,JLPT:2
准备材料,意大利语水平考试:2
准备材料,PLIDA:2
准备材料,俄语国家水平考试:2
准备材料,其他辅助材料:2
准备材料,短文:3
准备材料,ESSAY:3
准备材料,计划书:3
准备材料,PROPODAL:3
准备材料,相关获奖证书:3

申请,申请要求:1
申请,英语授课国家:2
申请,入学条件:2
申请,本科托福65分以上:3
申请,雅思6.0分以上:3
申请,研究生托福80分以上:3
申请,雅思6.5分以上:3
申请,申请要求:1
申请,非英语授课国家:2
申请,法国:3
申请,DELF B2:4
申请,DALF C1:4
申请,C2的水平:4
申请,德国:3
申请,DSH考试:4
申请,DSH2级:4
申请,意大利:3
申请,A2:4
申请,CILS A2:4
申请,CELI1:4
申请,PLIDA A2:4
申请,日本:3
申请,日语二级:4
申请,J.TES准B级:4
申请,韩国:3
申请,KPT三级:4
申请,俄罗斯:3
申请,俄语一级:4
申请,申请人:1
申请,综合素质:2
申请,能力要求:2
申请,学生特长:3
申请,社会活动:3
申请,申请时间:1
申请,秋季入学:2
申请,春季入学:2
申请,申请材料:1
申请,院校排名:1
申请,学校师资:2
申请,毕业生就业情况:2
申请,国际留学生占比:2
申请,所在地治安状况:2
申请,与我国政治关系:2
申请,有无种族歧视:2
申请,专业排名:1

签证,签证预约:1
签证,签证办理流程:1
签证,签证资料:1
签证,签证政策:1
签证,签证状态:1
签证,签证系统:1
签证,签证费:1
签证,面签:1
签证,非面签:1
签证,签证续签:1
签证,签证批准:1
签证,签证被拒:1
签证,签证递交:1
签证,签证返签:1
签证,护照:2
签证,照片:2
签证,邮寄申请:1
签证,资金证明:2
签证,体检报告:2
签证,个人简历:2
签证,签证申请表:2
签证,学校申请表	:2
签证,家庭成员表	:2
签证,身份证复印件:2
签证,语言成绩:2
签证,资金证明:2
签证,户口本:2
签证,学历证明:2
签证,公证书:2
签证,办理国家:1
签证,美国签证:2
签证,F-1:3
签证,I-20表格:4
签证,J-1:3
签证,D—160表:4
签证,M-1:3
签证,英国签证:2
签证,普通学生签证:3
签证,访问学者签证:3
签证,加拿大签证:2
签证,加拿大留学签证:3
签证,SPP计划:3
签证,Student Partners Program:4
签证,中加国际学生合作计划：4
签证,SDS计划:3
签证,tudy Direct Stream:4
签证,学习直入计划:4
签证,澳大利亚签证:2
签证,570签证:3
签证,571签证:3
签证,572签证:3
签证,573签证:3
签证,574签证:3
签证,575签证:3
签证,新西兰签证:2
签证,访问学生签证:3
签证,普通学生签证:3
签证,交换生签证:3
签证,法国签证:2
签证,长期签证:3
签证,短期签证:3
签证,学生应试签证:3
签证,德国签证:2
签证,德国纯语言签证:3
签证,德国语言加留学签证:3
签证,德国留学签证:3
签证,新加坡签证:2
签证,入境签证:3
签证,学生准证:3
签证,韩国签证:2
签证,C-3签证:3
签证,短期综合签证:3
签证,D-2签证:3
签证,长期留学签证:3
签证,日本签证:2
签证,C-3:3
签证,D-4:3
签证,D-2:3

移民,投资移民:1
移民,技术移民移民:2
移民,移民澳大利亚:2
移民,投资移民澳大利亚:2
移民,澳大利亚技术移民:2
移民,澳大利亚的条件:3
移民,澳大利亚的费用:3
移民,澳大利亚的好处:3
移民,澳大利亚的流程:3
移民,澳大利亚雇主担保:3
移民,澳大利亚技术移民清单:3
移民,澳大利亚技术移民打分系统:3
移民,澳大利亚技术移民案例:3
移民,澳大利亚技术移民政策:3
移民,澳大利亚投资移民政策:3
移民,澳大利亚技术移民费用:3
移民,澳大利亚技术移民职业:3
移民,澳大利亚移民局:3
移民,澳大利亚技术移民绿卡:3
移民,澳大利亚技术移民清单:3
移民,澳大利亚技术移民签证:3
移民,澳大利亚技术移民邀请函:3
移民,美国:1
移民,投资移民美国:2
移民,技术移民美国:2
移民,美国永久居民卡:3
移民,美国技术移民:2
移民,美国的条件:3
移民,美国的费用:3
移民,美国的好处:3
移民,美国的流程:3
移民,美国雇主担保:3
移民,美国技术移民清单:3
移民,美国技术移民打分系统:3
移民,美国技术移民案例:3
移民,美国技术移民政策:3
移民,美国投资移民政策:3
移民,美国技术移民费用:3
移民,美国技术移民职业:3
移民,美国移民局:3
移民,美国技术移民绿卡:3
移民,美国技术移民清单:3
移民,美国技术移民签证:3
移民,美国技术移民邀请函:3
移民,投资移民美国中介排名:3
移民,美国的途径:3
移民,加拿大:1
移民,投资移民加拿大:2
移民,技术移民加拿大:2
移民,加拿大永久居民卡:3
移民,加拿大技术移民:3
移民,加拿大的条件:3
移民,加拿大的费用:3
移民,加拿大的好处:3
移民,加拿大的流程:3
移民,加拿大雇主担保:3
移民,加拿大技术移民清单:3
移民,加拿大技术移民打分系统:3
移民,加拿大技术移民案例:3
移民,加拿大技术移民政策:3
移民,加拿大投资移民政策:3
移民,加拿大技术移民费用:3
移民,加拿大技术移民职:3
移民,加拿大移民局:3
移民,加拿大技术移民绿卡:3
移民,加拿大技术移民清单:3
移民,加拿大技术移民签证:3
移民,加拿大技术移民邀请函:3
移民,投资移民加拿大中介排名:3
移民,加拿大的途径:3
移民,加拿大利弊:3
移民,加拿大方法:3
移民,英国:1
移民,投资移民英国:2
移民,技术移民英国:2
移民,英国永久居民卡:3
移民,英国技术移民:2
移民,英国的条件:3
移民,英国的费用:3
移民,英国的好处:3
移民,英国的流程:3
移民,英国雇主担保:3
移民,英国技术移民清单:3
移民,英国技术移民打分系统:3
移民,英国技术移民案例:3
移民,英国技术移民政策:3
移民,英国投资移民政策:3
移民,英国技术移民费用:3
移民,英国技术移民职业:3
移民,英国移民局:3
移民,英国技术移民绿卡:3
移民,英国技术移民清单:3
移民,英国技术移民签证:3
移民,英国技术移民邀请函:3
移民,投资移民英国中介排名:3
移民,移民英国的途径:3
移民,英国利弊:3
移民,英国方法:3

语言培训和考试,语言培训:1
语言培训和考试,语言培训机构:1
语言培训和考试,纸考:1
语言培训和考试,机考:1
语言培训和考试,网考:1
语言培训和考试,pbt:1
语言培训和考试,cbt:1
语言培训和考试,ibt:1
语言培训和考试,考点:1
语言培训和考试,考场:2
语言培训和考试,报名:1

语言培训和考试,学员:2
语言培训和考试,教材:2
语言培训和考试,课件:3
语言培训和考试,口语:1
语言培训和考试,少儿英语:1
语言培训和考试,K12:2
语言培训和考试,中小学:2
语言培训和考试,留学考试:1
语言培训和考试,场租:5
语言培训和考试,场地:5
语言培训和考试,地理位置:5
语言培训和考试,学费:2

语言培训和考试,学员:2
语言培训和考试,教材:2
语言培训和考试,课件:3
语言培训和考试,口语:1
语言培训和考试,少儿英语:1
语言培训和考试,K12:2
语言培训和考试,课程设置:2
语言培训和考试,大班:2
语言培训和考试,小班:2
语言培训和考试,一对一:2
语言培训和考试,考试辅导:1
语言培训和考试,四六级考试:3
语言培训和考试,四六级成绩:3
语言培训和考试,留学考试:1

语言培训和考试,托福:1
语言培训和考试,托福口语:1
语言培训和考试,托福:1
语言培训和考试,TOEFL:1

语言培训和考试,托业:1
语言培训和考试,TOEIC:1
语言培训和考试,GRE:1
语言培训和考试,雅思:1
语言培训和考试,烤鸭:4
语言培训和考试,语言培训:1
语言培训和考试,语言培训机构:1
语言培训和考试,学员:2
语言培训和考试,教材:2
语言培训和考试,课件:3
语言培训和考试,口语:1
语言培训和考试,少儿英语:1
语言培训和考试,K12:2
语言培训和考试,课程设置:2
语言培训和考试,大班:2
语言培训和考试,小班:2
语言培训和考试,一对一:2
语言培训和考试,考试辅导:1
语言培训和考试,四六级考试:3
语言培训和考试,四六级成绩:3
语言培训和考试,留学考试:1

语言培训和考试,托福:1
语言培训和考试,托福口语:1
语言培训和考试,雅思:1
语言培训和考试,烤鸭:2
语言培训和考试,语言培训:1
语言培训和考试,语言培训机构:1
语言培训和考试,学员:2
语言培训和考试,教材:2
语言培训和考试,课件:3
语言培训和考试,口语:1
语言培训和考试,少儿英语:1
语言培训和考试,K12:2
语言培训和考试,课程设置:2
语言培训和考试,大班:2
语言培训和考试,小班:2
语言培训和考试,一对一:2
语言培训和考试,考试辅导:1
语言培训和考试,四六级考试:3
语言培训和考试,四六级成绩:3
语言培训和考试,留学考试:1

语言培训和考试,托福:1
语言培训和考试,托福口语:1
语言培训和考试,雅思:1
语言培训和考试,ETS:3
语言培训和考试,BC:4
语言培训和考试,烤鸭

语言培训和考试,课程设置:2
语言培训和考试,大班:2
语言培训和考试,小班:2
语言培训和考试,一对一:2
语言培训和考试,考试辅导:1
语言培训和考试,四六级考试:3
语言培训和考试,四六级成绩:3
语言培训和考试,留学考试:1

语言培训和考试,托福:1
语言培训和考试,托福口语:1
语言培训和考试,雅思:1
语言培训和考试,烤鸭

语言培训和考试,华图:4
语言培训和考试,学大:4
语言培训和考试,环球雅思:3
语言培训和考试,沪江:3

语言培训和考试,Duolingo:4
语言培训和考试,学习软件:4
语言培训和考试,沪江网:4


行前准备,风土人情:4
行前准备,机场:3
行前准备,机票:3
行前准备,登机牌:3
行前准备,候机:3
行前准备,登机手续:3
行前准备,行李:2
行前准备,行李托运:3
行前准备,海官申报表:2
行前准备,身份证:1
行前准备,移民登记表:1

行前准备,ATM:4
行前准备,保险:2
行前准备,车辆保险:3
行前准备,碰撞保险:4
行前准备,意外保险:4
行前准备,责任保险:4
行前准备,医疗保险:3
行前准备,贷款:2
行前准备,购汇限额:2
行前准备,理财:2
行前准备,信用卡:2
行前准备,信用评级:3
行前准备,旅行支票:3

行前准备,转账:3
行前准备,到账周期:3
行前准备,最高限额:4
行前准备,手续费:3
行前准备,学费:3
行前准备,资产证明:2

行前准备,汽车:3
行前准备,搭车:3
行前准备,车票:3
行前准备,驾照:3
行前准备,交通法规:3
行前准备,考取驾照:3  33
行前准备,住房:2
行前准备,房租:3
行前准备,寄宿家庭:3
行前准备,家具购买:3
行前准备,宿舍:2
行前准备,青年旅社:2
行前准备,物料准备:1
行前准备,餐具炊具:3
行前准备,软件书籍:3
行前准备,生活用品:2
行前准备,现金:2
行前准备,箱包:3
行前准备,衣服:2
行前准备,药品:3
行前准备,证件:3
行前准备,旅游签:3
行前准备,探亲签:4
行前准备,商务签:4
行前准备,公务签:4
行前准备,留学签:3
行前准备,乘务签:4


海外生活,ATM:4
海外生活,保险:2
海外生活,车辆保险:3
海外生活,碰撞保险:4
海外生活,意外保险:4
海外生活,责任保险:4
海外生活,医疗保险:3
海外生活,贷款:2
海外生活,购汇限额:2
海外生活,理财:2
海外生活,信用卡:2
海外生活,信用评级:3
海外生活,旅行支票:3

海外生活,转账:3
海外生活,到账周期:3
海外生活,最高限额:4
海外生活,手续费:3
海外生活,学费:3
海外生活,资产证明:2

海外生活,汽车:3
海外生活,搭车:3
海外生活,车票:3
海外生活,驾照:3
海外生活,搭顺风车:3
海外生活,购买汽车:3
海外生活,旧车报废:3
海外生活,拼车:3
海外生活,汽车维修:3
海外生活,汽油:3
海外生活,交通法规:3
海外生活,考取驾照:3  33
海外生活,住房:2
海外生活,搬家:3
海外生活,房屋损害赔偿:3

海外生活,房租:3
海外生活,寄宿家庭:3
海外生活,家具购买:3
海外生活,宿舍:2
海外生活,青年旅社:2
海外生活,物料准备:1
海外生活,餐具炊具:3
海外生活,软件书籍:3
海外生活,生活用品:2
海外生活,现金:2
海外生活,箱包:3
海外生活,衣服:2
海外生活,药品:3
海外生活,证件:3
海外生活,绑架:3
海外生活,地震:3
海外生活,毒品:3
海外生活,怀孕:3
海外生活,火灾:3
海外生活,警察:3
海外生活,救援队:3
海外生活,邻居:3
海外生活,枪支:3
海外生活,校园枪击:3
海外生活,医院:3
海外生活,性侵害:3
海外生活:应急治疗:3
海外生活:中毒:3
海外生活,饮酒:3
海外生活,飓风:3
海外生活,海啸:3
海外生活,餐厅:3
海外生活,打工:3
海外生活,勤工俭学:3
海外生活,税:3
海外生活,饮水:4
海外生活,饮料:5
海外生活,食材:5
海外生活,调料:5
海外生活,通讯:4
海外生活,手机:4
海外生活,话费:4
海外生活,运营商:5